"createdAt","updatedAt","deletedAt","id","name","desc","status","imageId","code"
2022-12-01 01:01:37.354,2022-12-01 01:01:37.354,,CRaa2DZ6yKg1u6pe,string,string,true,-R0IAVmV1RFEY37U,string
2022-12-01 01:01:42.592,2022-12-01 01:01:42.592,,"3oEKI_VZ7TR7pc0o",string,string,true,-R0IAVmV1RFEY37U,string
2022-12-01 01:01:45.092,2022-12-01 01:01:45.092,,tWGDrBLq4Nux9k2K,string,string,true,-R0IAVmV1RFEY37U,string
2022-12-01 01:01:47.871,2022-12-01 01:01:47.871,,"3TfRviUWYdarBTdl",string,string,true,-R0IAVmV1RFEY37U,string
2022-12-01 01:01:48.865,2022-12-01 01:01:48.865,,xekzbQDXRKEewKxq,string,string,true,-R0IAVmV1RFEY37U,string
2022-12-01 01:01:49.336,2022-12-01 01:01:49.336,,uFUzugVNXTEgfloU,string,string,true,-R0IAVmV1RFEY37U,string
2022-12-01 01:28:44.321,2022-12-01 01:28:44.321,,JCkivQwB4AJRa5i8,string,string,true,-R0IAVmV1RFEY37U,string
2022-12-01 01:28:48.856,2022-12-01 01:28:48.856,,"0BiNEoSeuZPl1ovX",string,string,true,-R0IAVmV1RFEY37U,string
2022-12-01 01:28:49.028,2022-12-01 01:28:49.028,,"95jdPQTUFVGCtsA0",string,string,true,-R0IAVmV1RFEY37U,string
2022-12-01 01:28:49.182,2022-12-01 01:28:49.182,,ghRgCvi2ssbjm1nd,string,string,true,-R0IAVmV1RFEY37U,string
2022-12-01 01:28:49.332,2022-12-01 01:28:49.332,,gBb7D2RbXycNtflI,string,string,true,-R0IAVmV1RFEY37U,string
2022-12-01 01:28:49.480,2022-12-01 01:28:49.480,,Rug60L-lYpBuMrYs,string,string,true,-R0IAVmV1RFEY37U,string
2022-12-01 01:28:49.661,2022-12-01 01:28:49.661,,yI7d0ML88dvj5pH3,string,string,true,-R0IAVmV1RFEY37U,string
